{
"repertoire":"./","mtl":"''","parts":[{"filename":"./data/Results.ifc.obj0.objpart","bounds":{"x":[-12.053300,57.993600],"y":[-54.647000,-38.460900],"z":[-3.251200,7.569200]}},
{"filename":"./data/Results.ifc.obj1.objpart","bounds":{"x":[-12.053300,57.993600],"y":[-38.839100,-16.515300],"z":[-3.251200,7.569200]}},
{"filename":"./data/Results.ifc.obj2.objpart","bounds":{"x":[-11.291300,58.203100],"y":[-54.647000,-17.277300],"z":[-3.251200,7.569200]}},
{"filename":"./data/Results.ifc.obj3.objpart","bounds":{"x":[-11.291300,58.203100],"y":[-39.222900,-16.515300],"z":[-3.251200,7.569200]}}]}
